-0.469088597,0.662133917,0.161533272,0.328132477,-0.043173231,0.197345269,0.056635488,-0.144389477,3.803232908,6.942829847,7.606465817,0,0,10,44.29245198,1.344927345,-1.8,0,1
-0.867747461,-0.917509622,-1.236350816,-1.011375949,-1.181864928,-1.105015332,-1.020176944,0.305296554,1.079110622,1.504222155,2.158221245,0.5,10,23,5.128737171,0.076654486,-1.6,1,0
1.524205724,1.057044801,1.87005827,1.479598992,1.855681079,2.036902645,2.365068053,1.033091949,3.394559503,5.391060114,6.789119005,1,33,28,3.816569355,1.230477546,-1.4,1,1
-0.867747461,1.057044801,0.161533272,0.781003195,-0.066495422,0.374254001,0.238546517,0.80066554,3.162463069,5.700284004,6.324926138,1.5,61,22,-1.737471733,1.159173542,-1.2,2,4
-0.070429733,-0.127687853,-0.149107636,0.05892819,-0.146770923,-0.162612433,-0.287195312,0.402061618,9.110524535,14.29542613,18.22104907,2,83,31,,2.224441323,-1,6,2
1.922864588,-1.312420507,0.627494635,0.710049177,0.536423713,0.58551674,0.466994228,0.664083735,23.48220658,45.70890212,46.96441317,2.5,114,19,,3.177686719,-0.8,8,2
1.12554686,-0.522598737,0.316853727,0.569555507,-0.169990871,0.675237787,0.56766016,1.831482731,4.363539934,7.93055582,8.727079868,3,133,21,,1.483293239,-0.6,10,2
-0.070429733,0.267223032,0.161533272,0.888331616,-0.338134292,0.675639961,0.568153569,-0.462826768,0.251441121,0.297890186,0.502882242,3.5,154,21,,-1.389925964,-0.4,12,7
-1.266406325,-0.127687853,-1.081030362,-1.218002249,-1.084202196,-1.142939869,-1.044630371,-0.707506689,7.276178479,8.247879982,14.55235696,4,175,16,,1.998089351,-0.2,19,14
0.726887996,-0.127687853,0.472174181,0.74546676,0.076559347,0.752821395,0.656553899,-0.108003714,6.702338576,8.336066961,13.40467715,4.5,191,12,,1.915381939,-2.77556E-16,33,9
1.524205724,-1.707331391,0.006212818,0.396542298,-0.29652196,0.28358283,0.144247653,1.473729883,2.843137026,5.118122101,5.686274052,5,203,11,,1.052007213,0.2,42,17
-1.266406325,-0.917509622,-1.546991725,-1.420278521,-1.345108213,-1.297114758,-1.139894657,-0.561649006,2.464820385,3.550084829,4.92964077,5.5,214,9,,0.908248002,0.4,59,11
-0.469088597,-0.522598737,-0.770389453,-0.615612096,-0.891086265,-0.633762611,-0.683877608,-1.570062784,1.932522416,3.180903912,3.865044832,6,223,7,,0.663302215,0.6,70,25
0.726887996,1.846866571,1.404096907,0.852435017,1.572097756,1.256397768,1.27293839,2.464912911,2.079784036,2.372919083,4.159568071,6.5,230,7,,0.737239116,0.8,95,27
-0.070429733,0.267223032,-0.149107636,-0.007285627,-0.566485866,0.058214844,-0.080451132,1.426216814,12.73139799,18.02020812,25.46279597,7,237,7,,2.561355835,1,122,23
-0.070429733,-0.522598737,-0.615068999,-0.646627176,-0.685131759,-0.633455517,-0.68365486,0.40833511,16.22517085,21.65203691,32.4503417,7.5,244,3,,2.805495916,1.2,145,30
-1.665065189,-2.102242276,-2.78955536,-4.2650796,-1.790589627,-2.743979878,-1.71858165,0.598780464,2.015795112,3.01299119,4.031590223,8,247,4,,0.705776454,1.4,175,26
0.328229131,-0.522598737,-0.149107636,0.226356101,-0.056832578,-0.187648115,-0.309796554,-0.014898201,13.14338398,22.85473204,26.28676796,8.5,251,5,,2.593419496,1.6,201,21
1.12554686,0.662133917,1.404096907,1.216933016,1.72509279,1.316974702,1.351784923,1.288388549,1.895515561,3.756757021,3.791031122,9,256,4,,0.643835614,1.8,222,19
-0.070429733,1.057044801,0.938135544,1.1430382,0.901777663,1.002403867,0.953439988,-1.270148317,3.581724525,5.606660128,7.163449049,9.5,260,3,,1.284512578,2,241,15
-0.867747461,0.662133917,-0.149107636,0.025767711,0.14881098,-0.189089945,-0.311109133,0.948272005,21.6254046,42.67587519,42.67587519,10,263,4,,3.094752857,2.2,256,11
0.328229131,-0.522598737,-0.30442809,-0.007285627,-0.648605494,0.04339705,-0.094730643,1.025848089,5.021440506,7.643136024,10.04288101,10.5,267,0,,1.624680559,2.4,267,10
-0.469088597,-1.707331391,-1.546991725,-1.812319132,-1.192842309,-1.616740304,-1.316830438,0.158178771,3.340184569,4.046046019,6.680369139,11,267,2,,1.214219897,2.6,277,10
-1.266406325,1.057044801,0.006212818,0.569555507,-0.213973175,0.197824432,0.057106301,0.274433079,4.420935988,5.84286499,8.841871977,11.5,269,2,,1.496449819,2.8,287,5
0.328229131,-0.522598737,0.006212818,0.125572666,-0.327173285,0.248451448,0.108328077,0.914349875,8.438293934,15.22659683,16.87658787,12,271,0,,2.147270416,3,292,3
-1.266406325,1.451955686,0.161533272,0.294095787,-0.071283345,0.232585761,0.092236641,-1.391210029,0.759295583,1.334280014,1.518591166,12.5,271,3,,-0.277234985,3.2,295,2
0.328229131,-0.127687853,0.161533272,0.396542298,0.135889423,0.054423501,-0.084107538,0.492147121,1.248893499,2.191221952,2.497786999,13,274,4,,0.223767996,3.4,297,2
-0.469088597,1.846866571,0.938135544,0.960489246,1.076890041,0.727119897,0.626917803,-0.924846492,6.471374512,9.21975708,12.94274902,13.5,278,0,,1.880075707,3.6,299,0
-0.469088597,-1.707331391,-1.546991725,-1.812319132,-1.392171578,-1.392795328,-1.19579372,1.505490562,2.072698593,3.57181406,4.145397186,14,278,0,,0.733803298,3.8,299,1
1.524205724,-0.127687853,0.938135544,0.781003195,0.732345297,0.911396461,0.843197742,0.935605003,6.7771281,7.184035063,13.5542562,14.5,278,2,,1.926554254,4,300,-8
0.328229131,-0.127687853,0.316853727,0.465404415,0.214488791,0.354599753,0.21793804,-0.789131039,0.860615969,1.062293053,1.721231937,15,280,2,,-0.151126741,4.2,292,0
-0.867747461,1.057044801,0.161533272,0.362281129,0.955230385,-0.339636859,-0.4433405,-0.187217774,2.33535111,3.269904137,4.670702219,15.5,282,5,,0.853924726,4.4,292,0
0.726887996,-0.127687853,0.627494635,0.74546676,0.153428527,0.909864168,0.84140488,-1.402537896,2.056139588,4.045356035,4.112279177,16,287,1,,0.725727613,4.6,292,0
-1.266406325,1.057044801,-0.149107636,-0.363946877,-0.329653134,-0.269032949,-0.38212276,1.141291894,15.92481565,27.8800652,27.8800652,16.5,288,0,,2.7866838,4.8,292,0
1.524205724,0.662133917,1.559417361,1.17992245,1.481261335,1.620913071,1.762404746,-0.958585798,6.474903941,9.424250841,12.94980788,17,288,0,,1.880624654,5,292,0
0.726887996,0.267223032,0.938135544,1.033136912,0.618522708,1.090643187,1.062439869,0.097890896,1.122207165,1.408443213,2.24441433,17.5,288,2,,0.116080768,5.2,292,0
-0.070429733,0.662133917,0.627494635,0.328132477,0.43535993,0.529736494,0.405521178,-2.450148532,2.730306625,4.750853062,5.460613251,18,290,0,,1.011237983,5.4,292,0
0.726887996,-2.497153161,-1.391671271,-1.362921147,-1.237648751,-1.265994473,-1.1211834,0.304670747,0.863120437,1.188879967,1.726240873,18.5,290,2,,-0.148201137,5.6,292,0
1.12554686,-1.312420507,-0.30442809,0.125572666,-0.65492243,-0.072850947,-0.204733062,-1.997352704,12.87428343,25.16540694,25.16540694,19,292,0,,2.572592226,5.8,292,0
-0.469088597,1.451955686,0.78281509,0.781003195,0.53886424,0.765834539,0.671579042,-0.458299539,1.284026027,2.528177023,2.568052053,19.5,292,0,,0.251698997,6,292,0
0.726887996,-0.917509622,-0.149107636,-0.203384467,-0.139737811,-0.406091887,-0.499788864,0.319968351,3.723383546,3.86630106,7.446767092,20,292,0,,1.323564524,6.2,292,0
0.328229131,-2.497153161,-1.546991725,-1.729677435,-1.342245101,-1.400194726,-1.200003022,-0.107209091,2.397772431,3.578912973,4.795544863,20.5,292,1,,0.880481844,6.4,292,0
-0.070429733,1.057044801,0.78281509,0.924349487,0.814121476,0.737095422,0.638368935,1.38717317,2.432508469,4.427815914,4.865016937,21,293,,,0.894962426,6.6,292,0
-0.469088597,0.662133917,0.161533272,0.328132477,0.094903025,0.060050766,-0.078716141,0.924057655,0.720413446,1.428341866,1.440826893,21.5,0,,,-0.330157982,6.8,292,0
-0.867747461,-0.522598737,-1.081030362,-0.951521181,-1.057114749,-1.019402194,-0.963581801,-0.777386239,2.314861536,3.823781013,4.629723072,22,0,,,0.84505248,7,292,0
-0.469088597,0.662133917,0.006212818,-0.007285627,-0.112028831,0.044649712,-0.093502107,-1.348349702,20.808007,35.45517802,41.616014,22.5,0,,,3.055960178,7.2,292,0
-1.266406325,1.057044801,-0.459748545,-0.521980745,-0.596655898,-0.416199317,-0.508224141,-0.513107755,1.69374752,2.881175995,3.387495041,23,0,,,0.530523636,7.4,292,0
-0.070429733,-0.127687853,-0.149107636,0.192652016,-0.564900755,0.039668077,-0.098323734,0.596893453,3.782677054,5.961935043,7.565354109,23.5,0,,,1.339471029,7.6,292,0
0.328229131,1.057044801,0.938135544,0.710049177,0.973075368,0.785676354,0.694631553,0.562101034,5.274303555,7.932855129,10.54860711,24,0,,,1.674144148,7.8,292,0
-0.070429733,0.267223032,0.316853727,0.294095787,0.246629461,0.211301971,0.070648538,1.289803297,2.666222453,4.212620974,5.332444906,24.5,0,,,0.987325355,8,292,0
-0.469088597,-0.127687853,-0.615068999,-0.739092694,-0.833658572,-0.52453306,-0.5973121,1.322714829,2.033171535,2.935948849,4.066343069,25,0,,,0.714417961,8.2,292,0
1.922864588,0.662133917,2.180699179,1.945025834,2.317205385,2.283666324,2.744856982,-1.150211638,2.209283471,3.873114824,4.418566942,25.5,0,,,0.798053689,8.4,292,0
-1.266406325,0.662133917,-0.30442809,0.125572666,-0.672818697,0.062821308,-0.075982114,1.616247731,3.135172486,3.180862904,6.270344973,26,0,,,1.150447674,8.6,292,0
-0.469088597,-1.312420507,-1.236350816,-1.218002249,-1.150473737,-1.202458778,-1.082181642,-0.067625392,1.375476956,1.689282894,2.750953913,26.5,0,,,0.320966503,8.8,292,0
0.328229131,0.267223032,0.472174181,0.294095787,0.445686197,0.222100901,0.081609866,0.382487449,18.70888233,33.1055088,33.1055088,27,0,,,2.948898237,9,292,0
-1.266406325,-0.127687853,-0.925709908,-0.800257773,-1.016721127,-0.79728956,-0.807441454,0.383565876,2.39950192,2.926790953,4.799003839,27.5,0,,,0.881207772,9.2,292,0
1.524205724,1.057044801,1.714737816,1.328729132,2.11060762,1.429289645,1.500505951,1.016885691,1.187801361,2.0266819,2.375602722,28,0,,,0.17327329,9.4,292,0
-0.070429733,0.662133917,0.316853727,0.500006488,0.120640335,0.282773615,0.143419869,-0.253049458,0.607094526,1.072180033,1.214189053,28.5,0,,,-0.502461497,9.6,292,0
1.524205724,0.267223032,1.404096907,1.17992245,1.759825075,1.084709361,1.055010556,-0.542564179,4.237178922,5.684343815,8.474357843,29,0,,,1.453707648,9.8,292,0
-0.867747461,-0.127687853,-0.615068999,-0.203384467,-0.546869137,-0.657001938,-0.701909351,0.91552053,2.59868753,5.046139956,5.197375059,29.5,0,,,0.961494907,10,292,0
1.524205724,1.846866571,2.491340087,1.748716413,3.055001762,2.501460888,3.093813927,1.163668272,12.61158359,23.43833113,25.22316718,30,0,,,2.551836093,10.2,292,0
-1.266406325,0.267223032,-0.770389453,-0.677545334,-0.64520861,-0.988852683,-0.942922881,0.271205052,6.543418527,12.70389795,13.08683705,30.5,0,,,1.891222136,10.4,292,0
-1.665065189,0.662133917,-0.770389453,-0.615612096,-0.7500879,-0.709227665,-0.741817926,0.695501277,2.739796996,3.786418915,5.479593992,31,0,,,1.014731467,10.6,292,0
-0.469088597,0.662133917,0.161533272,0.328132477,-0.355961757,0.437699451,0.305920387,-0.226285802,1.810311079,3.125189066,3.620622158,31.5,0,,,0.597530972,10.8,292,0
-0.469088597,-1.312420507,-1.236350816,-1.305216678,-1.084603519,-1.268317094,-1.122619188,1.306596928,4.447368503,5.432121992,8.894737005,32,0,,,1.502451457,11,292,0
-0.867747461,-0.127687853,-0.925709908,-0.951521181,-1.028441396,-0.882211033,-0.868722451,-0.262173743,6.092389464,7.519563913,12.18477893,32.5,0,,,1.819317531,11.2,292,0
-0.867747461,1.451955686,0.627494635,0.781003195,0.974557182,0.24034758,0.100052561,0.314921277,1.857519507,3.483019829,3.715039015,33,0,,,0.623449176,11.4,292,0
-0.070429733,-0.127687853,0.006212818,0.192652016,-0.156166622,-0.023597331,-0.158608448,0.380012313,4.439526081,7.183376074,8.879052162,33.5,0,,,1.500674525,11.6,292,0
-1.266406325,-0.127687853,-1.081030362,-0.921455245,-1.027478516,-0.933074732,-0.904485991,-0.35847375,1.122853637,1.932813168,2.245707273,34,0,,,0.116660587,11.8,292,0
1.12554686,1.057044801,1.559417361,0.996751513,1.779509402,1.608059526,1.744565945,-1.129975423,5.539738894,8.953741789,11.07947779,34.5,0,,,1.723578467,12,292,0
0.726887996,1.057044801,1.559417361,0.924349487,2.101918348,1.004454789,0.955888919,1.079238894,4.489838481,8.240245104,8.979676962,35,0,,,1.512020183,12.2,292,0
-0.469088597,-0.522598737,-0.615068999,-0.427460488,-0.689143162,-0.587697322,-0.647757508,-0.306501814,1.839588046,2.588836908,3.679176092,35.5,0,,,0.61368293,12.4,292,0
-0.070429733,-0.127687853,-0.459748545,-0.138437874,-0.555320155,-0.392738031,-0.488506485,0.055279241,0.709671974,0.892650843,1.419343948,36,0,,,-0.345282468,12.6,292,0
-0.867747461,0.662133917,-0.459748545,0.05892819,-0.614319146,-0.286212963,-0.397124055,-0.135157535,1.380322576,2.293975115,2.760645151,36.5,0,,,0.32450707,12.8,292,0
-0.867747461,0.267223032,-0.615068999,-0.615612096,-0.614266298,-0.570335682,-0.633989482,-0.711112414,2.811962128,3.949539185,5.623924255,37,0,,,1.040906781,13,292,0
-0.867747461,0.267223032,-0.459748545,-0.708367023,-0.622772673,-0.49356768,-0.572193361,-0.251249911,11.66375601,21.83907294,23.32751203,37.5,0,,,2.473175809,13.2,292,0
-0.070429733,-0.522598737,-0.459748545,-0.332038608,-0.583594124,-0.361439341,-0.461982153,1.131320052,5.025808096,5.280740023,10.05161619,38,0,,,1.625555876,13.4,292,0
1.12554686,-0.917509622,0.161533272,0.534723329,-0.104305125,0.279485074,0.140061537,0.341916862,6.980327487,13.71087909,13.96065497,38.5,0,,,1.956297372,13.6,292,0
-0.469088597,-0.522598737,-0.615068999,-0.677545334,-0.456342796,-0.885956617,-0.871395488,-0.0297523,1.862820983,3.62904191,3.725641966,39,0,,,0.626318536,13.8,292,0
-0.867747461,-0.917509622,-1.236350816,-1.041165631,-1.087634243,-1.060487918,-0.990990492,-0.31290191,6.473724604,9.681120157,12.94744921,39.5,0,,,1.88044126,14,292,0
-1.266406325,-0.917509622,-1.546991725,-2.055919947,-1.215972272,-1.553109328,-1.283827737,1.041092553,0.413497925,0.434044838,0.82699585,40,0,,,-0.88910265,14.2,292,0
-0.070429733,0.662133917,0.472174181,0.74546676,0.383308062,0.558108639,0.436658965,0.745975497,5.717839956,7.993657827,11.43567991,40.5,0,,,1.755437193,14.4,292,0
0.328229131,0.662133917,0.938135544,0.852435017,1.102372095,0.760422445,0.665286046,-0.084373272,8.638118029,16.93930411,17.27623606,41,0,,,2.170834019,14.6,292,0
-0.867747461,0.662133917,-0.149107636,0.092196334,-0.207536639,-0.265317585,-0.378828201,-0.387625733,2.379492044,3.058109045,4.758984089,41.5,0,,,0.872776734,14.8,292,0
0.328229131,-1.707331391,-1.081030362,-0.861044121,-1.141292867,-0.904499333,-0.884484662,-0.738504817,2.371161461,3.503947973,4.742322922,42,0,,,0.869245771,15,292,0
-0.867747461,-0.917509622,-1.391671271,-1.729677435,-1.189346419,-1.440673684,-1.222817478,0.652447648,1.163025498,1.603785038,2.326050997,42.5,0,,,0.152050872,15.2,292,0
-0.867747461,-1.312420507,-1.702312179,-1.646298962,-1.272688647,-1.469699348,-1.238890933,-0.022643523,3.777205586,5.825427055,7.554411173,43,0,,,1.338013694,15.4,292,0
0.726887996,-2.102242276,-0.925709908,-1.334112496,-0.854631361,-0.938795808,-0.9084699,-0.143861445,3.955014586,5.758890152,7.910029173,43.5,0,,,1.384326036,15.6,292,0
0.328229131,-0.522598737,-0.30442809,0.226356101,-0.56097991,-0.070737959,-0.202817536,0.863907623,3.780343175,4.197476149,7.56068635,44,0,,,1.338849654,15.8,292,0
0.328229131,-0.127687853,0.161533272,0.025767711,-0.048866637,0.10648907,-0.033458568,-1.283314961,7.643231034,14.75028706,15.28646207,44.5,0,,,2.047638352,16,292,0
0.328229131,-0.522598737,0.006212818,-0.04023234,0.210170429,-0.404169865,-0.498154123,0.677161504,8.189684987,16.32960701,16.37936997,,,,,2.117162527,16.2,292,0
0.328229131,3.031599224,1.87005827,1.328729132,2.401030721,1.671906363,1.833728272,-1.073775796,17.78323054,29.07594514,29.07594514,,,,,2.897810995,16.4,292,0
0.328229131,0.662133917,0.78281509,0.924349487,0.510223837,0.964994126,0.907837354,-0.880154203,2.654307485,4.954923868,5.308614969,,,,,0.982816052,16.6,292,0
-1.266406325,0.267223032,-0.770389453,-0.800257773,-0.725806222,-0.821664614,-0.825240941,-0.106660121,3.804402947,4.959847927,7.608805895,,,,,1.345237031,16.8,292,0
0.726887996,-0.917509622,0.006212818,-0.39575401,0.369075822,-0.284923866,-0.395991645,1.594962625,4.549061537,7.917845964,9.098123074,,,,,1.525213443,17,292,0
2.321523452,1.057044801,2.336019633,1.866086596,3.035733929,2.259041772,2.706205092,-2.61444795,4.712668896,8.912137985,9.425337791,,,,,1.560786937,17.2,292,0
-0.469088597,1.451955686,0.627494635,0.328132477,0.6908934,0.359408805,0.222991016,-1.434109451,18.95256114,35.96196818,35.96196818,,,,,2.961926829,17.4,292,0
-0.867747461,-0.522598737,-0.925709908,-0.584499638,-0.893509952,-0.945193576,-0.912930034,1.025389947,1.331015468,1.851185083,2.662030935,,,,,0.287884873,17.6,292,0
1.12554686,0.662133917,1.559417361,1.366251507,1.492893003,1.644395067,1.795182076,-0.737173747,0.99049902,1.325145006,1.980998039,,,,,-0.009611262,17.8,292,0
-0.070429733,0.267223032,0.161533272,0.362281129,-0.255228756,0.405687021,0.271804595,-0.484075331,8.523649573,11.87993717,17.04729915,,,,,2.15740325,18,292,0
-1.266406325,-0.522598737,-1.236350816,-1.334112496,-1.02156566,-1.249404401,-1.111110062,-0.24748795,4.632082462,9.187536001,9.264164925,,,,,1.543421904,18.2,292,0
-0.867747461,-0.127687853,-0.770389453,-0.646627176,-0.823273972,-0.839432671,-0.838105294,-0.446017088,2.459845543,3.775474072,4.919691086,,,,,0.906213898,18.4,292,0
1.922864588,0.662133917,2.025378724,1.787702291,2.060473847,2.136945716,2.517025853,-0.184767932,3.400070071,3.43604207,6.800140142,,,,,1.232110603,18.6,292,0
1.922864588,-0.127687853,1.248776453,1.06964607,1.292927824,1.178585644,1.173262467,-0.400889062,3.741091013,5.539836884,7.482182026,,,,,1.328341232,18.8,292,0
-0.469088597,0.662133917,0.316853727,0.328132477,0.732543806,0.156867713,0.016232996,-0.53277111,2.215166569,3.615554094,4.430333138,,,,,0.800731116,19,292,0
0.328229131,-0.522598737,-0.149107636,0.159057716,0.01471031,-0.263865145,-0.377534884,-0.366652375,1.696770549,1.697251081,3.393541098,,,,,0.532318977,19.2,292,0
-0.070429733,0.662133917,0.472174181,0.74546676,0.139156252,0.608960589,0.493087798,-1.216824219,1.580702543,1.625446081,3.161405087,,,,,0.460980195,19.4,292,0
1.922864588,-1.312420507,0.316853727,0.6045036,0.208096396,0.327426652,0.189559596,0.773313,2.732866526,2.873357058,5.465733051,,,,,1.012181498,19.6,292,0
-0.070429733,-0.127687853,-0.30442809,-0.007285627,-0.605222496,-0.120784038,-0.249042833,-0.223746229,5.575030446,9.498296976,11.15006089,,,,,1.729972022,19.8,292,0
-0.867747461,0.662133917,-0.30442809,-0.170963211,-0.711288633,-0.007150826,-0.142969907,-2.758734201,0.727977514,1.337404966,1.455955029,,,,,-0.319642136,20,292,0
0.726887996,1.057044801,0.938135544,1.033136912,1.171178261,0.691500016,0.586135795,0.370029463,0.834753513,1.469588041,1.669507027,,,,,-0.181845929,20.2,292,0
-1.266406325,0.267223032,-0.615068999,-0.39575401,-0.766267345,-0.458446282,-0.543333458,0.082658277,4.035569429,7.136853933,8.071138859,,,,,1.40462615,20.4,292,0
-0.867747461,0.267223032,-0.30442809,-0.23570214,-0.469515491,-0.326036987,-0.431643634,-0.304085161,7.350218534,8.410498142,14.70043707,,,,,2.008282391,20.6,292,0
1.12554686,-0.917509622,0.316853727,0.465404415,-0.125585398,0.605257124,0.488958644,0.19649282,2.15578413,4.026027203,4.31156826,,,,,0.773373422,20.8,292,0
2.321523452,-0.127687853,1.248776453,0.924349487,1.07746933,1.336130264,1.376962751,0.66509237,15.79103649,31.34965897,31.58207297,,,,,2.778190327,21,292,0
-1.266406325,-0.127687853,-1.081030362,-1.041165631,-1.007546375,-1.028431593,-0.969642279,0.394123757,7.661258459,10.30875897,15.32251692,,,,,2.050010194,21.2,292,0
-1.266406325,-0.522598737,-1.236350816,-0.951521181,-1.110294228,-1.108438095,-1.022401478,0.153583101,2.703354955,2.954493999,5.406709909,,,,,1.001250241,21.4,292,0
-0.867747461,-0.127687853,-0.770389453,-0.459066788,-0.791997326,-0.716766165,-0.747527408,0.720454436,3.70648098,4.902245045,7.41296196,,,,,1.318983705,21.6,292,0
1.922864588,-0.522598737,0.78281509,0.924349487,1.11845343,0.532615319,0.408644593,-0.426821986,3.113177419,3.794523954,6.226354837,,,,,1.143359532,21.8,292,0
-0.070429733,-1.312420507,-1.081030362,-1.011375949,-0.974116002,-1.004692611,-0.95365374,-0.272594298,3.178733468,5.774802923,6.357466936,,,,,1.164340068,22,292,0
0.726887996,-1.312420507,-0.615068999,-0.105807954,-0.785848461,-0.407965559,-0.501321557,-0.741213077,9.155050993,13.73715496,18.31010199,,,,,2.229349907,22.2,292,0
0.726887996,-1.312420507,-0.30442809,-0.30002872,-0.333835914,-0.387634338,-0.484214543,0.762269081,3.095094919,4.709718943,6.190189838,,,,,1.137494646,22.4,292,0
-1.266406325,-0.522598737,-1.236350816,-1.420278521,-0.977983868,-1.476638232,-1.24271194,0.169635642,8.39191556,8.713561058,16.78383112,,,,,2.141721633,22.6,292,0
-0.070429733,-0.522598737,-0.459748545,-0.553289341,-0.243607166,-0.83463506,-0.83465749,0.041632056,4.329344392,5.981789827,8.658688784,,,,,1.475372267,22.8,292,0
-0.867747461,0.662133917,-0.149107636,0.396542298,-0.148899829,-0.165757309,-0.290036928,-0.453397201,10.238199,19.28957105,20.47639799,,,,,2.341929597,23,292,0
-0.469088597,1.846866571,0.938135544,0.674749849,0.898914223,0.738500499,0.640045173,-1.835908886,3.604256511,4.908226967,7.208513021,,,,,1.2908263,23.2,292,0
1.12554686,-0.127687853,0.938135544,1.10627962,1.172439816,0.936400019,0.873234347,1.145749024,3.586927533,6.848165035,7.173855066,,,,,1.28597404,23.4,292,0
0.328229131,0.267223032,0.472174181,0.674749849,0.625587652,0.257938367,0.117966959,0.775139491,3.726577401,6.760713816,7.453154802,,,,,1.324427765,23.6,292,0
0.328229131,-1.312420507,-0.615068999,-0.39575401,-0.629228404,-0.524383395,-0.597205325,1.235554516,6.2581985,8.503525019,12.516397,,,,,1.846351966,23.8,292,0
-0.070429733,-1.707331391,-1.236350816,-1.646298962,-1.131525862,-1.228657843,-1.098392605,-0.206858528,5.09237802,7.918281078,10.18475604,,,,,1.638803937,24,292,0
-1.266406325,-0.127687853,-1.081030362,-0.921455245,-0.966819301,-1.035590539,-0.974434545,-0.16098933,10.13768506,19.85086107,20.27537012,,,,,2.331996516,24.2,292,0
-1.266406325,3.031599224,1.559417361,1.328729132,1.966478788,1.422111981,1.491021869,-1.714762355,29.28995812,53.78500509,53.78500509,,,,,3.400189985,24.4,292,0
-0.867747461,-0.522598737,-1.081030362,-1.276233297,-0.951528859,-1.227932695,-1.097941153,0.230241881,6.33171308,7.365452051,12.66342616,,,,,1.858109775,24.6,292,0
1.524205724,-0.127687853,0.472174181,0.226356101,0.536671187,0.183326406,0.042576866,0.887770871,5.810360551,7.404452085,11.6207211,,,,,1.77159777,24.8,292,0
-0.070429733,-0.917509622,-0.770389453,-0.490573383,-0.877833107,-0.69065964,-0.72770719,0.08281031,4.957879543,8.452722073,9.915759087,,,,,1.611855303,25,292,0
-0.867747461,-0.522598737,-0.925709908,-0.615612096,-0.945272146,-0.795290523,-0.805981502,0.23910129,15.98381197,28.83559299,31.96762395,,,,,2.790406757,25.2,292,0
0.726887996,-0.127687853,0.316853727,0.328132477,0.227813729,0.186779019,0.046010712,1.901354354,1.900676012,3.566546917,3.801352024,,,,,0.646572839,25.4,292,0
0.328229131,0.662133917,0.938135544,1.033136912,0.675592214,1.179012043,1.173789866,-0.342264103,3.095093131,3.785590172,6.190186262,,,,,1.137494065,25.6,292,0
-1.266406325,3.426510109,1.559417361,1.216933016,1.460339528,1.605553835,1.741051027,-2.145570185,0.326327443,0.338203907,0.652654886,,,,,-1.127462347,25.8,292,0
0.726887996,0.267223032,0.78281509,0.852435017,0.431407251,0.894599129,0.823137598,-0.792353787,3.134136558,6.008625984,6.268273115,,,,,1.150114953,26,292,0
0.726887996,-0.522598737,0.161533272,0.430916539,0.043219183,0.08383955,-0.055586066,0.255520748,0.373939633,0.4260602,0.747879267,,,,,-0.990343969,26.2,292,0
0.726887996,1.057044801,1.093455998,0.781003195,0.882420488,1.112767065,1.090164688,-1.126178266,13.19534063,23.48951912,26.39068127,,,,,2.597391573,26.4,292,0
1.524205724,-0.917509622,0.316853727,0.569555507,0.217239,0.472792668,0.343617073,-1.361573394,0.852535963,1.113137007,1.705071926,,,,,-0.160623811,26.6,292,0
-0.469088597,-0.917509622,-0.925709908,-0.39575401,-1.081074419,-0.636704422,-0.686177037,-0.329338651,7.047443986,13.40107083,14.09488797,,,,,1.965931548,26.8,292,0
2.720182316,-0.522598737,1.404096907,0.996751513,1.14405464,1.395014588,1.454895049,-3.31734099,6.917292476,8.610522032,13.83458495,,,,,1.947164339,27,292,0
1.12554686,-0.127687853,0.78281509,0.888331616,0.790952572,0.596240188,0.478888135,0.593500599,1.521388531,1.534500122,3.042777061,,,,,0.422474378,27.2,292,0
-1.266406325,0.267223032,-0.615068999,-0.363946877,-0.7101013,-0.563134274,-0.628279173,-0.188909323,15.22641599,21.66039801,30.45283198,,,,,2.741532296,27.4,292,0
-0.469088597,-0.917509622,-1.081030362,-1.070864072,-1.103546172,-0.932219841,-0.903904698,-0.507385783,1.323804021,1.621756077,2.647608042,,,,,0.282415228,27.6,292,0
-0.070429733,-0.127687853,-0.149107636,-0.007285627,-0.018033046,-0.389982798,-0.486206841,1.502240613,5.70735848,8.009356022,11.41471696,,,,,1.753589926,27.8,292,0
1.524205724,-0.522598737,0.627494635,0.6045036,0.56955429,0.655591516,0.545492857,-1.87748251,2.266077399,4.196846962,4.532154799,,,,,0.823608214,28,292,0
0.328229131,-0.127687853,0.006212818,-0.04023234,0.311105258,-0.361153912,-0.461776481,1.492397365,5.998175025,10.07929301,11.99635005,,,,,1.803626542,28.2,292,0
-1.266406325,0.267223032,-0.770389453,-0.39575401,-1.059462332,-0.406792788,-0.500313372,-1.051699309,2.565003037,2.568073034,5.130006075,,,,,0.948359407,28.4,292,0
1.524205724,-1.707331391,-0.149107636,0.025767711,-0.207381573,-0.155989121,-0.281188875,-0.235709563,5.079297423,5.928619862,10.15859485,,,,,1.636214496,28.6,292,0
-1.266406325,1.846866571,0.627494635,0.74546676,0.089672299,0.969108413,0.912844167,-0.435400641,5.311793566,7.256510019,10.62358713,,,,,1.681275176,28.8,292,0
-0.469088597,0.662133917,0.316853727,0.500006488,0.249075732,0.218958408,0.078396077,0.208068267,3.899746418,5.291741848,7.799492836,,,,,1.370157665,29,292,0
3.517500044,0.267223032,2.801980996,1.826825443,3.359664119,2.886871462,3.74320635,-3.24110908,1.384801984,2.536342144,2.769603968,,,,,0.327769017,29.2,292,0
-1.665065189,-0.917509622,-2.012953088,-2.675414155,-1.484843973,-2.09034953,-1.527795935,0.205863672,9.072031021,14.73510885,18.14406204,,,,,2.220178434,29.4,292,0
0.328229131,2.63668834,2.025378724,1.632575237,2.120946092,2.339701539,2.833438068,-0.313558075,11.20266306,20.18452406,22.40532613,,,,,2.432567038,29.6,292,0
0.328229131,-0.522598737,-0.149107636,0.025767711,-0.123617339,-0.173895005,-0.297390973,0.005627777,3.254047513,3.969053984,6.508095026,,,,,1.187915936,29.8,292,0
0.328229131,0.662133917,0.78281509,0.6045036,0.580844572,0.733348212,0.634055194,1.083154376,4.448027015,8.609380007,8.896054029,,,,,1.50260052,30,292,0
-0.469088597,1.057044801,0.627494635,0.710049177,0.757010309,0.471082131,0.34174273,0.642394573,1.159973383,2.245061874,2.319946766,,,,,0.14940528,30.2,292,0
-0.867747461,1.057044801,0.316853727,0.396542298,0.100412486,0.278428747,0.138949946,1.522784126,1.84375,3.354081869,3.6875,,,,,0.615958167,30.4,292,0
0.328229131,0.267223032,0.627494635,0.74546676,0.374664396,0.556590384,0.434969112,-0.062963555,3.007068515,4.981333971,6.01413703,,,,,1.108445732,30.6,292,0
-0.867747461,0.267223032,-0.459748545,-0.007285627,-0.643940095,-0.318352289,-0.425026477,0.186720987,3.35896647,5.182013035,6.71793294,,,,,1.219865256,30.8,292,0
-0.867747461,0.662133917,0.006212818,0.159057716,0.017361167,0.047588215,-0.090661506,-0.496108876,6.361333609,12.16412711,12.72266722,,,,,1.862808698,31,292,0
-1.665065189,1.057044801,-0.459748545,-0.23570214,-0.43792508,-0.514945657,-0.58954399,-0.68485954,5.814468503,8.728104115,11.62893701,,,,,1.772309326,31.2,292,0
-0.070429733,0.267223032,0.161533272,0.125572666,-0.031001465,-0.051605802,-0.184944476,-0.114198732,1.044494033,1.996275187,2.088988066,,,,,0.043828353,31.4,292,0
-0.070429733,-0.917509622,-0.615068999,-0.427460488,-0.595257651,-0.750683097,-0.773005257,0.430489006,11.23516655,13.347893,22.4703331,,,,,2.435483928,31.6,292,0
0.726887996,0.267223032,0.627494635,0.6045036,0.461075611,0.549331614,0.426975829,0.105512353,2.469040036,3.716552019,4.938080072,,,,,0.909970111,31.8,292,0
1.12554686,-0.522598737,0.627494635,0.396542298,0.552491245,0.402278448,0.268142974,-0.333383239,7.351139069,13.15582013,14.70227814,,,,,2.008408473,32,292,0
-0.070429733,-0.127687853,0.006212818,0.328132477,-0.464248952,0.421796741,0.288944225,0.242698747,2.287162542,3.39934206,4.574325085,,,,,0.832932804,32.2,292,0
-0.867747461,0.267223032,-0.30442809,-0.138437874,-0.31053529,-0.442998126,-0.530571674,1.0243065,0.700421929,0.729165792,1.400843859,,,,,-0.358491552,32.4,292,0
-0.469088597,-0.522598737,-0.615068999,-0.427460488,-0.741471253,-0.539845827,-0.609623822,-1.410844597,2.524461508,3.689949036,5.048923016,,,,,0.932319278,32.6,292,0
-0.070429733,0.662133917,0.472174181,0.500006488,0.788841415,0.098942619,-0.040873027,-0.127127315,3.384693861,5.178896904,6.769387722,,,,,1.22754723,32.8,292,0
0.726887996,-0.522598737,0.316853727,0.500006488,0.064533881,0.283231448,0.143902537,-0.789248614,1.429656982,2.736351013,2.859313965,,,,,0.35986298,33,292,0
0.328229131,1.451955686,1.404096907,1.254070548,1.677442278,1.40102923,1.462857006,0.205859451,1.650332928,2.73427701,3.300665855,,,,,0.504380717,33.2,292,0
1.524205724,-0.917509622,0.627494635,0.569555507,0.512016876,0.729221416,0.629325381,0.809694483,11.74811745,22.74362302,23.49623489,,,,,2.480431525,33.4,292,0
-0.867747461,-0.917509622,-1.236350816,-1.159416134,-1.129680186,-1.175262897,-1.065118197,-0.22948449,2.973802567,4.202969074,5.947605133,,,,,1.097245924,33.6,292,0
1.524205724,0.267223032,0.78281509,0.430916539,0.704025322,0.603677667,0.487192728,1.137957348,2.266253471,4.240946054,4.532506943,,,,,0.823686438,33.8,292,0
-1.266406325,0.662133917,-0.30442809,-0.138437874,-0.54796522,-0.162523909,-0.287091951,-0.449264248,4.320233107,7.018352032,8.640466213,,,,,1.473251194,34,292,0
0.726887996,0.662133917,0.938135544,0.465404415,1.697313566,0.369107159,0.233120854,0.896565987,0.479912043,0.684942007,0.959824085,,,,,-0.739140323,34.2,292,0
0.328229131,-1.707331391,-1.081030362,-0.921455245,-1.214316897,-0.755957539,-0.776874548,-0.652921078,4.452040553,6.887356043,8.904081106,,,,,1.503508559,34.4,292,0
-0.469088597,1.846866571,0.78281509,0.781003195,0.586406437,0.708907745,0.606003542,0.7949165,0.567319036,0.853131056,1.134638071,,,,,-0.57068457,34.6,292,0
-0.070429733,-0.522598737,-0.459748545,-0.073072945,-0.811860531,-0.187295982,-0.309466256,0.263080759,10.04389393,16.55833793,20.08778787,,,,,2.322638573,34.8,292,0
-0.070429733,1.057044801,0.938135544,0.74546676,0.638882137,1.183144377,1.179124911,-2.177817277,0.359816074,0.448297977,0.719632149,,,,,-1.02910693,35,292,0
-0.469088597,-0.917509622,-1.236350816,-1.674174258,-1.156380728,-1.349455263,-1.170788578,-1.095240218,2.193985462,3.53726697,4.387970924,,,,,0.791057974,35.2,292,0
1.12554686,-0.522598737,0.627494635,0.500006488,0.584638556,0.507929573,0.381701408,-0.158320709,2.414930582,3.08797121,4.829861164,,,,,0.887660678,35.4,292,0
0.328229131,-1.312420507,-0.925709908,-0.363946877,-1.206972688,-0.316009536,-0.422952015,-1.760071935,4.639888525,6.373790026,9.27977705,,,,,1.545117142,35.6,292,0
0.726887996,-1.312420507,-0.459748545,-0.39575401,-0.567968062,-0.487158491,-0.566943685,-0.508853541,5.73933506,6.622014999,11.47867012,,,,,1.759214942,35.8,292,0
0.726887996,0.662133917,1.093455998,1.17992245,0.926539756,1.123597578,1.103696211,0.789948979,1.419166803,2.256544828,2.838333607,,,,,0.352448343,36,292,0
1.524205724,-0.917509622,0.472174181,0.74546676,0.057222284,0.694920834,0.59007269,-0.362212026,1.259863973,2.22676897,2.519727945,,,,,0.232573214,36.2,292,0
-0.469088597,-1.707331391,-1.702312179,-2.055919947,-1.483905263,-1.522892487,-1.267757402,1.04807886,2.339953423,3.986353874,4.679906845,,,,,0.855906878,36.4,292,0
-0.867747461,-0.127687853,-0.770389453,-0.490573383,-0.731125466,-0.875151516,-0.863722895,-0.353224923,5.697792649,9.814200163,11.3955853,,,,,1.751901071,36.6,292,0
1.12554686,0.662133917,1.404096907,1.441685762,1.106444062,1.693443216,1.864059172,-0.023387469,0.315734506,0.410797119,0.631469011,,,,,-1.160686164,36.8,292,0
-0.070429733,-1.312420507,-0.925709908,-0.861044121,-0.752338731,-1.151224677,-1.04991322,0.7189766,3.149888515,5.845361948,6.299777031,,,,,1.155162358,37,292,0
0.328229131,-0.522598737,-0.459748545,-0.427460488,-0.475903519,-0.574813956,-0.637582199,0.610186428,0.308897495,0.602911949,0.617794991,,,,,-1.182727099,37.2,292,0
-0.867747461,-0.917509622,-1.391671271,-1.839704322,-0.924491437,-1.781977509,-1.397375882,0.419681268,1.929536104,3.199115992,3.859072208,,,,,0.66174522,37.4,292,0
-0.469088597,-0.522598737,-0.925709908,-1.334112496,-0.820368984,-1.204939756,-1.083726981,0.986886095,7.067051888,8.50293684,14.13410378,,,,,1.968728833,37.6,292,0
0.726887996,-0.522598737,0.316853727,0.74546676,0.203263186,0.246094466,0.10589317,0.533121107,4.445995569,7.678383112,8.891991138,,,,,1.502140605,37.8,292,0
0.726887996,-1.312420507,-0.615068999,-0.615612096,-0.667202725,-0.682986517,-0.721864225,0.740644273,1.816474438,2.693791866,3.632948875,,,,,0.600952867,38,292,0
-0.469088597,0.267223032,0.006212818,0.226356101,-0.093910013,-0.025789747,-0.160642762,-1.198283538,7.329935074,14.40606594,14.65987015,,,,,2.005500229,38.2,292,0
-1.665065189,-1.707331391,-2.478914451,-3.530117395,-1.621458737,-2.545883702,-1.673051917,0.236467454,6.734652519,9.647587061,13.46930504,,,,,1.920224325,38.4,292,0
-1.266406325,-0.522598737,-1.236350816,-1.305216678,-1.028927595,-1.165400753,-1.058906444,1.552732127,2.360631466,3.201262951,4.721262932,,,,,0.864764783,38.6,292,0
-0.070429733,-0.522598737,-0.30442809,-0.007285627,-0.481827121,-0.32469928,-0.430507004,0.391164438,3.411191583,3.455682039,6.822383165,,,,,1.235398417,38.8,292,0
1.524205724,0.267223032,1.559417361,1.328729132,1.77197444,1.32213572,1.35858621,0.277041518,0.89992249,1.729523897,1.79984498,,,,,-0.106163054,39,292,0
-0.867747461,1.057044801,0.316853727,0.569555507,0.275869023,0.127759387,-0.012590651,0.255479415,1.467394352,1.868739843,2.934788704,,,,,0.386093726,39.2,292,0
-1.266406325,1.451955686,0.006212818,-0.04023234,0.002936797,-0.062647872,-0.195223383,-1.368390473,25.2696085,48.30914402,48.30914402,,,,,3.251544589,39.4,292,0
-0.867747461,-0.917509622,-1.391671271,-1.041165631,-1.36773968,-1.063909861,-0.993266053,0.521795186,2.982852459,4.25950098,5.965704918,,,,,1.100305153,39.6,292,0
0.328229131,0.267223032,0.472174181,0.430916539,0.443849185,0.15244463,0.011777147,-0.1043619,8.792406082,14.59949207,17.58481216,,,,,2.188657964,39.8,292,0
-0.070429733,-0.127687853,0.006212818,0.294095787,-0.170783169,-0.016842309,-0.152226224,0.20405228,1.884232044,3.167901993,3.768464088,,,,,0.637824519,40,292,0
-0.070429733,-0.522598737,-0.30442809,-0.23570214,-0.620221816,-0.188103733,-0.310170587,-1.40435047,1.647490621,2.848714113,3.294981241,,,,,0.502645259,40.2,292,0
-0.867747461,1.451955686,0.627494635,0.534723329,0.685428003,0.640153897,0.528095582,-1.182948107,1.599240899,2.909736872,3.198481798,,,,,0.472719094,40.4,292,0
2.321523452,0.662133917,2.180699179,1.632575237,2.469883195,2.247916007,2.688716798,1.810425011,0.700883031,0.937451124,1.401766062,,,,,-0.357828977,40.6,292,0
-0.070429733,0.267223032,0.316853727,0.294095787,0.110956398,0.385673544,0.25059643,0.934231909,3.669553399,4.050009012,7.339106798,,,,,1.308902738,40.8,292,0
-0.469088597,0.662133917,0.006212818,-0.04023234,-0.071134148,-0.160928554,-0.285689615,1.164757688,1.136066437,1.360527039,2.272132874,,,,,0.128438534,41,292,0
0.328229131,1.846866571,1.093455998,1.1430382,1.451448698,0.873806456,0.798324264,-1.652691682,4.827558041,8.992377996,9.655116081,,,,,1.585036947,41.2,292,0
-1.266406325,-0.522598737,-1.236350816,-1.218002249,-1.121863665,-1.232206958,-1.100585962,0.010772749,10.18290699,19.30649185,20.36581397,,,,,2.33647761,41.4,292,0
-2.063724053,0.267223032,-1.546991725,-2.029168378,-1.153358854,-1.725182718,-1.370536123,0.806861924,17.59529054,34.70479393,35.19058108,,,,,2.887114185,41.6,292,0
-0.469088597,-1.312420507,-1.236350816,-1.305216678,-1.175193468,-1.153444418,-1.051298211,-0.703058497,0.178040028,0.227499008,0.356080055,,,,,-1.737471733,41.8,292,0
-0.070429733,-0.917509622,-0.615068999,-1.011375949,-0.4327021,-0.921385223,-0.896342336,-0.976013552,5.445515037,7.477040052,10.89103007,,,,,1.706306887,42,292,0
0.328229131,-1.312420507,-0.770389453,-0.708367023,-0.663686465,-0.822258661,-0.825678419,0.179520623,2.626772642,3.838880062,5.253545284,,,,,0.972317379,42.2,292,0
1.12554686,-0.127687853,0.78281509,0.924349487,0.768233948,0.75757684,0.662032508,-0.802837802,15.12661934,21.84159684,30.25323868,,,,,2.734911868,42.4,292,0
-0.070429733,0.267223032,0.316853727,0.159057716,0.588593513,0.002196227,-0.13415957,0.09244045,1.546848416,2.995460987,3.093696833,,,,,0.43918329,42.6,292,0
-0.469088597,-0.127687853,-0.459748545,-0.170963211,-0.628185636,-0.350375441,-0.452535511,-0.016086359,1.816148996,3.374965906,3.632297993,,,,,0.600772472,42.8,292,0
-0.070429733,-1.312420507,-0.925709908,-1.011375949,-0.781603518,-1.16527294,-1.058841321,0.905626866,14.71312249,28.53178,29.42624497,,,,,2.707007281,43,292,0
1.12554686,-1.707331391,-0.459748545,-0.490573383,-0.35880081,-0.763205119,-0.782309582,0.838904498,3.990966439,7.177079916,7.981932878,,,,,1.393436644,43.2,292,0
-0.867747461,-1.707331391,-1.857632634,-2.162153058,-1.475695706,-1.859389205,-1.432551416,0.324553192,8.768722534,17.41016412,17.53744507,,,,,2.185942368,43.4,292,0
-0.469088597,0.267223032,-0.149107636,-0.23570214,-0.385880961,-0.219965504,-0.338749725,0.417949434,3.577773929,5.77004981,7.155547857,,,,,1.283401484,43.6,292,0
-0.867747461,0.267223032,-0.459748545,-0.170963211,-0.678616106,-0.309020163,-0.416982088,1.347374817,4.866917491,7.752205849,9.733834982,,,,,1.593212135,43.8,292,0
0.328229131,0.267223032,0.627494635,0.852435017,0.823617681,0.511841235,0.385938366,-0.689206416,1.879291058,3.03242898,3.758582115,,,,,0.635180954,44,292,0
-1.665065189,-0.917509622,-2.012953088,-2.650436893,-1.473486363,-2.092656581,-1.528679389,0.991907792,9.818545103,18.54994512,19.63709021,,,,,2.299792477,44.2,292,0
-0.070429733,-0.917509622,-0.770389453,-0.459066788,-0.728632875,-0.801567292,-0.810593826,0.724322472,0.985767007,1.919067144,1.971534014,,,,,-0.014432648,44.4,292,0
1.12554686,-0.127687853,0.938135544,0.816659079,0.686142772,1.063024299,1.028114112,0.765893254,1.487985969,2.226173878,2.975971937,,,,,0.400123632,44.6,292,0
1.12554686,0.267223032,1.248776453,1.17992245,0.9091758,1.609968604,1.747203991,0.280785609,8.455135942,8.783485889,16.91027188,,,,,2.149277875,44.8,292,0
0.328229131,0.662133917,0.627494635,0.639568186,0.830971994,0.404423828,0.270448537,-0.879735556,0.849864006,1.538908005,1.699728012,,,,,-0.163784188,45,292,0
0.328229131,0.267223032,0.316853727,0.569555507,-0.032199877,0.618763877,0.50406953,-0.211674341,4.961404443,7.994601965,9.922808886,,,,,1.612570849,45.2,292,0
-2.063724053,1.451955686,-0.615068999,-0.39575401,-0.591127701,-0.722466562,-0.751814678,-0.370247829,0.745808482,1.243741035,1.491616964,,,,,-0.295279048,45.4,292,0
1.12554686,-0.522598737,0.316853727,0.362281129,0.108813692,0.340996988,0.203689423,1.472829663,1.320445538,1.823354959,2.640891075,,,,,0.279857752,45.6,292,0
-1.266406325,0.267223032,-0.615068999,-0.39575401,-0.593290281,-0.638000998,-0.687209854,-0.322227243,13.40005362,20.21096611,26.80010724,,,,,2.612891091,45.8,292,0
0.328229131,0.662133917,0.78281509,0.781003195,1.025542137,0.470516336,0.341121172,0.600122228,5.224530578,10.02524805,10.44906116,,,,,1.664598038,46,292,0
-0.469088597,-0.127687853,-0.459748545,-0.584499638,0.006771035,-0.910781264,-0.888933011,0.669143114,5.080186963,8.545109987,10.16037393,,,,,1.636390801,46.2,292,0
0.328229131,-1.312420507,-0.770389453,-1.129988909,-0.771499801,-0.948556365,-0.915257742,0.178183554,4.049612999,6.185886145,8.099225998,,,,,1.408123659,46.4,292,0
-0.469088597,-1.312420507,-1.236350816,-1.218002249,-1.175345934,-1.136622407,-1.040579481,0.751563516,9.040772915,15.76693892,18.08154583,,,,,2.216703488,46.6,292,0
1.922864588,-1.707331391,0.161533272,0.125572666,-0.136712302,0.253158196,0.113127645,0.977496731,5.485956907,9.067899942,10.97191381,,,,,1.713756354,46.8,292,0
0.328229131,3.031599224,2.180699179,1.555821069,1.944694401,2.381628752,2.900284283,-2.826256153,14.77798188,27.82402682,27.82402682,,,,,2.711435746,47,292,0
0.328229131,-0.127687853,0.161533272,0.500006488,-0.216227594,0.427021478,0.294510433,-0.53577979,0.452495933,0.699066877,0.904991865,,,,,-0.798364046,47.2,292,0
-0.867747461,-0.127687853,-0.770389453,-0.891296369,-0.95998836,-0.641804694,-0.690130767,-0.988529515,7.105500937,12.79669094,14.21100187,,,,,1.974191557,47.4,292,0
-0.070429733,0.662133917,0.316853727,0.396542298,0.597422479,-0.008450592,-0.144293518,1.955183356,2.020527005,2.307965994,4.04105401,,,,,0.708137041,47.6,292,0
-0.070429733,-1.312420507,-0.925709908,-0.830698069,-0.838351749,-0.907785155,-0.886803545,0.367703939,5.257180333,6.717239857,10.51436067,,,,,1.670870236,47.8,292,0
-0.469088597,-0.127687853,-0.459748545,-0.170963211,-0.561607348,-0.380551169,-0.478200826,-0.245871277,0.922030091,1.521996021,1.844060183,,,,,-0.081728944,48,292,0
-0.867747461,-0.522598737,-1.236350816,-0.951521181,-1.386857469,-0.883775773,-0.869820557,-0.970622688,6.798658013,12.87513614,13.59731603,,,,,1.929747617,48.2,292,0
1.524205724,0.267223032,1.404096907,1.1430382,1.525472557,1.173939053,1.167244957,1.157891337,4.797207475,7.864521027,9.594414949,,,,,1.578687313,48.4,292,0
1.922864588,-0.917509622,0.472174181,0.639568186,0.486001183,0.385844996,0.2507598,-0.27038851,25.44411087,50.4399538,50.4399538,,,,,3.258473233,48.6,292,0
-0.070429733,1.846866571,1.093455998,1.06964607,0.869156078,1.260825628,1.278732195,-1.506122229,2.251615524,2.775316954,4.503231049,,,,,0.817162367,48.8,292,0
-1.266406325,-0.522598737,-1.236350816,-1.448828025,-1.19206872,-1.201647588,-1.081671095,0.136406272,4.527246952,7.226987839,9.054493904,,,,,1.520373846,49,292,0
-0.469088597,-0.917509622,-1.081030362,-1.533964438,-0.675209051,-1.32124066,-1.154230483,0.087557459,0.927528024,1.141705036,1.855056047,,,,,-0.075743404,49.2,292,0
-1.266406325,-0.917509622,-1.546991725,-1.812319132,-1.374155461,-1.472356967,-1.240353563,1.493762707,1.833749413,3.243809938,3.667498827,,,,,0.610482404,49.4,292,0
-0.867747461,1.057044801,0.316853727,0.430916539,-0.069008656,0.488676458,0.360788599,-0.422663335,3.30952847,6.198310852,6.61905694,,,,,1.204936911,49.6,292,0
-2.063724053,-0.127687853,-1.546991725,-1.533964438,-1.267162122,-1.422489259,-1.212619092,-0.015080952,3.892480493,7.371855974,7.784960985,,,,,1.368280078,49.8,292,0
-0.070429733,0.267223032,-0.30442809,0.260170511,-0.593649425,-0.01225052,-0.147862728,0.231180681,1.397315025,2.501379967,2.794630051,,,,,0.336825531,50,292,0
-0.070429733,0.662133917,0.161533272,0.294095787,0.010922899,0.136728624,-0.003743768,0.764284199,1.270086527,1.660787106,2.540173054,,,,,0.240709391,50.2,292,0
-0.469088597,0.662133917,0.316853727,0.674749849,0.280635271,0.410159077,0.276534911,-0.760557157,7.617361546,9.268377066,15.23472309,,,,,2.04422495,50.4,292,0
-0.469088597,-2.102242276,-1.857632634,-2.055919947,-1.455122309,-1.721266644,-1.368650101,0.939908656,3.874858022,4.094844103,7.749716043,,,,,1.363711658,50.6,292,0
1.524205724,0.267223032,1.404096907,1.1430382,1.044219695,1.624656443,1.767588887,0.457016892,3.396048546,5.568472147,6.792097092,,,,,1.230919085,50.8,292,0
1.922864588,0.662133917,1.559417361,1.441685762,1.751917953,1.687468224,1.855645418,-1.411113479,4.688055038,6.992894173,9.376110077,,,,,1.555514759,51,292,0
-0.867747461,-0.127687853,-0.615068999,-0.891296369,-0.643456848,-0.932907596,-0.904404589,0.259044591,4.40650332,7.770486832,8.813006639,,,,,1.493157644,51.2,292,0
0.328229131,-0.127687853,0.161533272,0.639568186,0.014833286,0.229898219,0.089494086,-0.683541541,3.085038424,4.616875887,6.170076847,,,,,1.134218073,51.4,292,0
2.720182316,0.267223032,2.025378724,1.254070548,2.031106535,2.07389954,2.420989449,-3.220879374,2.118123889,4.112034798,4.236247778,,,,,0.755629901,51.6,292,0
0.726887996,1.451955686,1.714737816,1.441685762,1.410916306,1.913458976,2.181345716,-2.806360449,0.906103492,1.054931879,1.812206984,,,,,-0.099271658,51.8,292,0
-0.070429733,0.267223032,0.006212818,0.396542298,-0.29894625,0.275939978,0.136434287,-0.62519571,3.882290006,7.342077017,7.764580011,,,,,1.365640842,52,292,0
0.328229131,-0.917509622,-0.459748545,-0.921455245,-0.270834168,-0.904463188,-0.884488218,1.328581152,4.608903527,8.375941038,9.217807055,,,,,1.538371261,52.2,292,0
0.328229131,-1.312420507,-0.615068999,-0.459066788,-0.526005463,-0.728520708,-0.756387249,0.807337397,0.858174443,1.54735589,1.716348886,,,,,-0.153987026,52.4,292,0
-0.469088597,0.267223032,0.006212818,0.328132477,-0.306903976,0.238383713,0.098111603,0.302687547,3.418725014,5.780945063,6.837450027,,,,,1.237619415,52.6,292,0
0.328229131,3.031599224,2.491340087,1.787702291,2.919498949,2.428552172,2.975573866,0.026823666,9.589431882,19.11853385,19.11853385,,,,,2.276020751,52.8,292,0
-2.063724053,-0.522598737,-2.012953088,-2.319219778,-1.508632516,-2.003066739,-1.493514914,0.39133592,33.77748752,64.08492994,64.08492994,,,,,3.543708279,53,292,0
-0.469088597,-0.917509622,-0.925709908,-0.951521181,-1.065016389,-0.695021493,-0.731052779,1.849804838,0.852452517,1.670479059,1.704905033,,,,,-0.160722361,53.2,292,0
1.12554686,0.662133917,1.248776453,0.781003195,1.0517845,1.20903333,1.212131353,-3.249943334,9.561943054,16.39301515,19.12388611,,,,,2.273130556,53.4,292,0
0.726887996,0.267223032,0.627494635,0.816659079,0.55312522,0.588070447,0.469812127,-0.488310231,2.765034437,4.942760944,5.530068874,,,,,1.023963024,53.6,292,0
-0.070429733,0.662133917,0.627494635,0.924349487,0.665996354,0.484889954,0.356664188,-0.01757077,2.077473521,3.762877941,4.154947042,,,,,0.736120007,53.8,292,0
-0.469088597,1.057044801,0.627494635,0.430916539,0.506009308,0.445818329,0.314561533,0.914522097,2.965463042,4.678640127,5.930926085,,,,,1.094418575,54,292,0
1.12554686,0.267223032,1.093455998,1.06964607,1.13447796,1.027516939,0.984221553,-1.178286653,2.730707526,4.540816069,5.461415052,,,,,1.011385804,54.2,292,0
-2.063724053,-0.917509622,-2.168273542,-3.041827511,-1.531474773,-2.165994128,-1.555828419,-0.237957265,8.601579428,14.68807197,17.20315886,,,,,2.166566322,54.4,292,0
-0.469088597,1.451955686,0.938135544,1.17992245,1.016654857,0.925208068,0.859818498,-1.135807862,1.40810442,2.049185991,2.816208839,,,,,0.344569651,54.6,292,0
0.726887996,-0.522598737,0.316853727,0.192652016,0.641186076,0.026070372,-0.111390655,0.164591686,44.29245198,84.152771,84.152771,,,,,3.816569355,54.8,292,0
1.922864588,0.662133917,1.87005827,1.403903493,2.046974391,1.745330395,1.937619306,2.207789815,4.41810751,6.616055012,8.836215019,,,,,1.495805474,55,292,0
-0.070429733,0.267223032,0.316853727,0.430916539,0.02735848,0.356318878,0.219741698,0.612575182,0.822223544,1.341130972,1.644447088,,,,,-0.197072862,55.2,292,0
-0.867747461,1.057044801,0.006212818,0.159057716,-0.300466236,0.117455492,-0.022714834,-0.517345813,2.663227558,3.723592997,5.326455116,,,,,0.986193815,55.4,292,0
-1.665065189,1.057044801,-0.30442809,0.092196334,-0.386431016,-0.316530813,-0.42344575,-0.232176079,2.172773004,4.107259989,4.345546007,,,,,0.781276465,55.6,292,0
-0.070429733,0.662133917,0.472174181,0.74546676,0.678206396,0.613155907,0.49779337,0.60574242,1.338964939,2.361579895,2.677929878,,,,,0.293880051,55.8,292,0
0.726887996,-0.522598737,0.006212818,0.328132477,-0.341054834,0.369650018,0.233732169,0.357473419,1.305404067,2.514919043,2.610808134,,,,,0.268323329,56,292,0
-0.867747461,-1.312420507,-1.702312179,-2.29322978,-1.317360767,-1.801447106,-1.406368932,-0.129641668,3.094008923,3.512331963,6.188017845,,,,,1.137141324,56.2,292,0
0.726887996,-1.707331391,-0.770389453,-0.739092694,-0.908861007,-0.709135724,-0.74172046,-1.376405012,1.493618011,1.604778051,2.987236023,,,,,0.403927164,56.4,292,0
-0.469088597,2.241777455,1.559417361,1.479598992,1.453746988,1.86548262,2.110995114,-0.338014719,15.74841511,26.30756617,26.30756617,,,,,2.775469229,56.6,292,0
0.328229131,-0.127687853,0.006212818,0.294095787,-0.159518457,0.002426163,-0.133930759,0.039867366,1.051347494,1.90180397,2.102694988,,,,,0.050412867,56.8,292,0
0.328229131,-0.127687853,0.161533272,0.092196334,0.412084225,0.03716829,-0.100732435,0.505545613,3.621768951,4.38279295,7.243537903,,,,,1.295706287,57,292,0
2.321523452,1.057044801,2.646660542,1.748716413,3.159047544,2.418163862,2.958707249,1.789338984,13.10370147,24.35843396,26.20740294,,,,,2.590375185,57.2,292,0
0.328229131,-0.522598737,-0.149107636,-0.23570214,0.254330156,-0.515237753,-0.589810698,-0.17763198,15.92099142,27.17647791,31.84198284,,,,,2.786441997,57.4,292,0
0.328229131,1.057044801,0.938135544,0.74546676,0.714680065,0.985019655,0.932216715,-1.522662749,4.298977017,7.221529961,8.597954035,,,,,1.468285415,57.6,292,0
-0.469088597,-0.127687853,-0.459748545,-0.708367023,-0.3807301,-0.588699488,-0.648578274,0.301903718,2.364869475,3.491466045,4.729738951,,,,,0.866570646,57.8,292,0
-1.266406325,0.267223032,-0.615068999,-0.459066788,-0.534007665,-0.762703623,-0.781934419,0.617995716,2.525066018,3.297775984,5.050132036,,,,,0.932560337,58,292,-292